id	hq_path
2599	001_cover.jpg
2600	002_img0001.jpg
2601	003_img0002.jpg
2602	004_img0003.jpg
2603	005_img0004.jpg
2604	006_img0005.jpg
2605	007_img0006.jpg
2606	008_img0007.jpg
2607	009_img0008.jpg
2608	010_img0009.jpg
2609	011_img0010.jpg
2610	012_img0011.jpg
2611	013_img0012.jpg
2612	014_img0013.jpg
2613	015_img0014.jpg
2614	016_img0015.jpg
2615	017_img0016.jpg
2616	018_img0017.jpg
2617	019_img0018.jpg
2618	020_img0019.jpg
2619	021_img0020.jpg
2620	022_img0021.jpg
2621	023_img0022.jpg
2622	024_img0023.jpg
2623	025_img0024.jpg
2624	026_img0025.jpg
2625	027_img0026.jpg
2626	028_img0027.jpg
2627	029_img0028.jpg
2628	030_img0029.jpg
2629	031_img0030.jpg
2630	032_img0031.jpg
2631	033_img0032.jpg
2632	034_img0033.jpg
2633	035_img0034.jpg
2634	036_img0035.jpg
2635	037_img0036.jpg
2636	038_img0037.jpg
2637	039_img0038.jpg
2638	040_img0039.jpg
2639	041_img0040.jpg
2640	042_img0041.jpg
2641	043_img0042.jpg
2642	044_img0043.jpg
2643	045_img0044.jpg
2644	046_img0045.jpg
2645	047_img0046.jpg
2646	048_img0047.jpg
2647	049_img0048.jpg
2648	050_img0049.jpg
2649	051_img0050.jpg
2650	052_img0051.jpg
2651	053_img0052.jpg
2652	054_img0053.jpg
2653	055_img0054.jpg
2654	056_img0055.jpg
2655	057_img0056.jpg
2656	058_img0057.jpg
2657	059_img0058.jpg
2658	060_img0059.jpg
2659	061_img0060.jpg
2660	062_img0061.jpg
2661	063_img0062.jpg
2662	064_img0063.jpg
2663	065_img0064.jpg
2664	066_img0065.jpg
2665	067_img0066.jpg
2666	068_img0067.jpg
2667	069_img0068.jpg
2668	070_img0069.jpg
2669	071_img0070.jpg
2670	072_img0071.jpg
2671	073_img0072.jpg
2672	074_img0073.jpg
2673	075_img0074.jpg
2674	076_img0075.jpg
2675	077_img0076.jpg
2676	078_img0077.jpg
2677	079_img0078.jpg
2678	080_img0079.jpg
2679	081_img0080.jpg
2680	082_img0081.jpg
2681	083_img0082.jpg
2682	084_img0083.jpg
2683	085_img0084.jpg
2684	086_img0085.jpg
2685	087_img0086.jpg
2686	088_img0087.jpg
2687	089_img0088.jpg
2688	090_img0089.jpg
2689	091_img0090.jpg
2690	092_img0091.jpg
2691	093_img0092.jpg
2692	094_img0093.jpg
2693	095_img0094.jpg
2694	096_img0095.jpg
2695	097_img0096.jpg
2696	098_img0097.jpg
2697	099_img0098.jpg
2698	100_img0099.jpg
2699	101_img0100.jpg
2700	102_img0101.jpg
2701	103_img0102.jpg
2702	104_img0103.jpg
2703	105_img0104.jpg
2704	106_img0105.jpg
2705	107_img0106.jpg
2706	108_img0107.jpg
2707	109_img0108.jpg
2708	110_img0109.jpg
2709	111_img0110.jpg
2710	112_img0111.jpg
2711	113_img0112.jpg
2712	114_img0113.jpg
2713	115_img0114.jpg
2714	116_img0115.jpg
2715	117_img0116.jpg
2716	118_img0117.jpg
2717	119_img0118.jpg
2718	120_img0119.jpg
2719	121_img0120.jpg
2720	122_img0121.jpg
2721	123_img0122.jpg
2722	124_img0123.jpg
2723	125_img0124.jpg
2724	126_img0125.jpg
2725	127_img0126.jpg
2726	128_img0127.jpg
2727	129_img0128.jpg
2728	130_img0129.jpg
2729	131_img0130.jpg
2730	132_img0131.jpg
2731	133_img0132.jpg
2732	134_img0133.jpg
2733	135_img0134.jpg
2734	136_img0135.jpg
2735	137_img0136.jpg
2736	138_img0137.jpg
2737	139_img0138.jpg
2738	140_img0139.jpg
2739	141_img0140.jpg
2740	142_img0141.jpg
2741	143_img0142.jpg
2742	144_img0143.jpg
2743	145_img0144.jpg
2744	146_img0145.jpg
2745	147_img0146.jpg
2746	148_img0147.jpg
2747	149_img0148.jpg
2748	150_img0149.jpg
2749	151_img0150.jpg
2750	152_img0151.jpg
2751	153_img0152.jpg
2752	154_img0153.jpg
2753	155_img0154.jpg
2754	156_img0155.jpg
2755	157_img0156.jpg
2756	158_img0157.jpg
2757	159_img0158.jpg
2758	160_img0159.jpg
2759	161_img0160.jpg
2760	162_img0161.jpg
2761	163_img0162.jpg
2762	164_img0163.jpg
2763	165_img0164.jpg
2764	166_img0165.jpg
2765	167_img0166.jpg
2766	168_img0167.jpg
2767	169_img0168.jpg
2768	170_img0169.jpg
2769	171_img0170.jpg
2770	172_img0171.jpg
2771	173_img0172.jpg
2772	174_img0173.jpg
2773	175_img0174.jpg
2774	176_img0175.jpg
2775	177_img0176.jpg
2776	178_img0177.jpg
2777	179_img0178.jpg
2778	180_img0179.jpg
2779	181_img0180.jpg
2780	182_img0181.jpg
2781	183_img0182.jpg
2782	184_img0183.jpg
2783	185_img0184.jpg
2784	186_img0185.jpg
2785	187_img0186.jpg
2786	188_img0187.jpg
2787	189_img0188.jpg
2788	190_img0189.jpg
2789	191_img0190.jpg
2790	192_img0191.jpg
2791	193_img0192.jpg
2792	194_img0193.jpg
2793	195_img0194.jpg
2794	196_img0195.jpg
2795	197_img0196.jpg
2796	198_img0197.jpg
2797	199_img0198.jpg
2798	200_img0199.jpg
2799	201_img0200.jpg
2800	202_img0201.jpg
2801	203_img0202.jpg
2802	204_img0203.jpg
2803	205_img0204.jpg
2804	206_img0205.jpg
2805	207_img0206.jpg
2806	208_img0207.jpg
2807	209_img0208.jpg
2808	210_img0209.jpg
2809	211_img0210.jpg
2810	212_img0211.jpg
2811	213_img0212.jpg
2812	214_img0213.jpg
2813	215_img0214.jpg
2814	216_img0215.jpg
2815	217_img0216.jpg
2816	218_img0217.jpg
2817	219_img0218.jpg
2818	220_img0219.jpg
2819	221_i_colophon.jpg
2820	222_i_white.jpg
