"Name","State","Action","SourceType","SourcePath","HqPath","LqPath","HqMediaCount","HqNonZeroCount","LqMediaCount","Reason","BatchId","TaskIds","Error"
"h_photograph/视频/【经典合集】芭蕾舞培训中心更衣室换衣，妹子有几个颜值真的很高，换内衣裤和丝袜的动作真是优雅性感，原版无水，值得珍藏！","EMPTY","SKIP","","","F:\games\comics\h_photograph\视频\【经典合集】芭蕾舞培训中心更衣室换衣，妹子有几个颜值真的很高，换内衣裤和丝袜的动作真是优雅性感，原版无水，值得珍藏！","","0","0","0","No importable media found.","","",""
"h_photograph/单本/彩漫","HQ_AND_LQ","IMPORT","REGISTER","F:\games\comics\h_photograph\单本\彩漫","F:\games\comics\h_photograph\单本\彩漫","F:\games\comics\l_photograph\单本\彩漫","14952","14946","221","Submit HQ. Legacy LQ cannot be attached through the current API.","","",""
"h_photograph/福利姬/兔崽爱露出","HQ_AND_LQ","IMPORT","REGISTER","F:\games\comics\h_photograph\福利姬\兔崽爱露出","F:\games\comics\h_photograph\福利姬\兔崽爱露出","F:\games\comics\l_photograph\福利姬\兔崽爱露出","433","433","101","Submit HQ. Legacy LQ cannot be attached through the current API.","","",""
"h_photograph/福利姬/小桃和俏皮小狗】","HQ_AND_LQ","IMPORT","REGISTER","F:\games\comics\h_photograph\福利姬\小桃和俏皮小狗】","F:\games\comics\h_photograph\福利姬\小桃和俏皮小狗】","F:\games\comics\l_photograph\福利姬\小桃和俏皮小狗】","1040","1040","318","Submit HQ. Legacy LQ cannot be attached through the current API.","","",""
"h_photograph/写真/【孙禾颐JennyPinky】-onlyfans-fansly-JVID福利合集 71.7G","HQ_AND_LQ","IMPORT","REGISTER","F:\games\comics\h_photograph\写真\【孙禾颐JennyPinky】-onlyfans-fansly-JVID福利合集 71.7G","F:\games\comics\h_photograph\写真\【孙禾颐JennyPinky】-onlyfans-fansly-JVID福利合集 71.7G","F:\games\comics\l_photograph\写真\【孙禾颐JennyPinky】-onlyfans-fansly-JVID福利合集 71.7G","3789","3789","2964","Submit HQ. Legacy LQ cannot be attached through the current API.","","",""
"h_photograph/写真/Pure Media","HQ_AND_LQ","IMPORT","REGISTER","F:\games\comics\h_photograph\写真\Pure Media","F:\games\comics\h_photograph\写真\Pure Media","F:\games\comics\l_photograph\写真\Pure Media","23100","23100","23300","Submit HQ. Legacy LQ cannot be attached through the current API.","","",""
"h_photograph/写真/xiaoen","HQ_AND_LQ","IMPORT","REGISTER","F:\games\comics\h_photograph\写真\xiaoen","F:\games\comics\h_photograph\写真\xiaoen","F:\games\comics\l_photograph\写真\xiaoen","760","760","753","Submit HQ. Legacy LQ cannot be attached through the current API.","","",""
"h_photograph/写真/Yeha (예하)","HQ_AND_LQ","IMPORT","REGISTER","F:\games\comics\h_photograph\写真\Yeha (예하)","F:\games\comics\h_photograph\写真\Yeha (예하)","F:\games\comics\l_photograph\写真\Yeha (예하)","3395","3395","3389","Submit HQ. Legacy LQ cannot be attached through the current API.","","",""
"h_photograph/写真/白莉爱吃巧克力","HQ_AND_LQ","IMPORT","REGISTER","F:\games\comics\h_photograph\写真\白莉爱吃巧克力","F:\games\comics\h_photograph\写真\白莉爱吃巧克力","F:\games\comics\l_photograph\写真\白莉爱吃巧克力","1175","1175","1175","Submit HQ. Legacy LQ cannot be attached through the current API.","","",""
"h_photograph/写真/金鱼kinngyo10期合集","HQ_AND_LQ","IMPORT","REGISTER","F:\games\comics\h_photograph\写真\金鱼kinngyo10期合集","F:\games\comics\h_photograph\写真\金鱼kinngyo10期合集","F:\games\comics\l_photograph\写真\金鱼kinngyo10期合集","751","751","736","Submit HQ. Legacy LQ cannot be attached through the current API.","","",""
"h_photograph/写真/紧急企划、少女秩序、森萝财团","HQ_AND_LQ","IMPORT","REGISTER","F:\games\comics\h_photograph\写真\紧急企划、少女秩序、森萝财团","F:\games\comics\h_photograph\写真\紧急企划、少女秩序、森萝财团","F:\games\comics\l_photograph\写真\紧急企划、少女秩序、森萝财团","1392","17","1375","Submit HQ. Legacy LQ cannot be attached through the current API.","","",""
"h_photograph/写真/梨霜儿","HQ_AND_LQ","IMPORT","REGISTER","F:\games\comics\h_photograph\写真\梨霜儿","F:\games\comics\h_photograph\写真\梨霜儿","F:\games\comics\l_photograph\写真\梨霜儿","1084","1084","1463","Submit HQ. Legacy LQ cannot be attached through the current API.","","",""
"h_photograph/写真/李佳","HQ_AND_LQ","IMPORT","REGISTER","F:\games\comics\h_photograph\写真\李佳","F:\games\comics\h_photograph\写真\李佳","F:\games\comics\l_photograph\写真\李佳","668","668","668","Submit HQ. Legacy LQ cannot be attached through the current API.","","",""
"h_photograph/写真/林希威","HQ_AND_LQ","IMPORT","REGISTER","F:\games\comics\h_photograph\写真\林希威","F:\games\comics\h_photograph\写真\林希威","F:\games\comics\l_photograph\写真\林希威","16917","3207","16753","Submit HQ. Legacy LQ cannot be attached through the current API.","","",""
"h_photograph/写真/陆萱萱","HQ_AND_LQ","IMPORT","REGISTER","F:\games\comics\h_photograph\写真\陆萱萱","F:\games\comics\h_photograph\写真\陆萱萱","F:\games\comics\l_photograph\写真\陆萱萱","636","636","636","Submit HQ. Legacy LQ cannot be attached through the current API.","","",""
"h_photograph/写真/清池","HQ_AND_LQ","IMPORT","REGISTER","F:\games\comics\h_photograph\写真\清池","F:\games\comics\h_photograph\写真\清池","F:\games\comics\l_photograph\写真\清池","1328","1328","1319","Submit HQ. Legacy LQ cannot be attached through the current API.","","",""
"h_photograph/写真/软萌兔兔酱","HQ_AND_LQ","IMPORT","REGISTER","F:\games\comics\h_photograph\写真\软萌兔兔酱","F:\games\comics\h_photograph\写真\软萌兔兔酱","F:\games\comics\l_photograph\写真\软萌兔兔酱","889","889","864","Submit HQ. Legacy LQ cannot be attached through the current API.","","",""
"h_photograph/写真/杏子","HQ_AND_LQ","IMPORT","REGISTER","F:\games\comics\h_photograph\写真\杏子","F:\games\comics\h_photograph\写真\杏子","F:\games\comics\l_photograph\写真\杏子","2952","2952","2952","Submit HQ. Legacy LQ cannot be attached through the current API.","","",""
"h_photograph/单本/黑白","HQ_ONLY","IMPORT","REGISTER","F:\games\comics\h_photograph\单本\黑白","F:\games\comics\h_photograph\单本\黑白","","11644","11644","0","Submit HQ.","","",""
"h_photograph/福利姬/一口白桃七","HQ_ONLY","IMPORT","REGISTER","F:\games\comics\h_photograph\福利姬\一口白桃七","F:\games\comics\h_photograph\福利姬\一口白桃七","","801","801","0","Submit HQ.","","",""
"h_photograph/视频/⚫️一镜到底裸体瑜伽体操运动员镜头前下腰一字马各种高难度动作展示","HQ_ONLY","IMPORT","REGISTER","F:\games\comics\h_photograph\视频\⚫️一镜到底裸体瑜伽体操运动员镜头前下腰一字马各种高难度动作展示","F:\games\comics\h_photograph\视频\⚫️一镜到底裸体瑜伽体操运动员镜头前下腰一字马各种高难度动作展示","","1","1","0","Submit HQ.","","",""
"h_photograph/视频/7月新品，新晋舞蹈专业舞姬【小乔】最新定制超长视频，裸体瑜伽，身体柔韧性是真的好，各种高难度专业动作","HQ_ONLY","IMPORT","REGISTER","F:\games\comics\h_photograph\视频\7月新品，新晋舞蹈专业舞姬【小乔】最新定制超长视频，裸体瑜伽，身体柔韧性是真的好，各种高难度专业动作","F:\games\comics\h_photograph\视频\7月新品，新晋舞蹈专业舞姬【小乔】最新定制超长视频，裸体瑜伽，身体柔韧性是真的好，各种高难度专业动作","","1","1","0","Submit HQ.","","",""
"h_photograph/视频/Ballet Voyeur1","HQ_ONLY","IMPORT","REGISTER","F:\games\comics\h_photograph\视频\Ballet Voyeur1","F:\games\comics\h_photograph\视频\Ballet Voyeur1","","51","51","0","Submit HQ.","","",""
"h_photograph/视频/LilimAzra","HQ_ONLY","IMPORT","REGISTER","F:\games\comics\h_photograph\视频\LilimAzra","F:\games\comics\h_photograph\视频\LilimAzra","","45","45","0","Submit HQ.","","",""
"h_photograph/视频/pcolle卖家【voyeur】偷拍被发现却反被勾引【182V60.57GB】","HQ_ONLY","IMPORT","REGISTER","F:\games\comics\h_photograph\视频\pcolle卖家【voyeur】偷拍被发现却反被勾引【182V60.57GB】","F:\games\comics\h_photograph\视频\pcolle卖家【voyeur】偷拍被发现却反被勾引【182V60.57GB】","","182","182","0","Submit HQ.","","",""
"h_photograph/视频/S-Minami_Airi","HQ_ONLY","IMPORT","REGISTER","F:\games\comics\h_photograph\视频\S-Minami_Airi","F:\games\comics\h_photograph\视频\S-Minami_Airi","","205","205","0","Submit HQ.","","",""
"h_photograph/视频/艾小青","HQ_ONLY","IMPORT","REGISTER","F:\games\comics\h_photograph\视频\艾小青","F:\games\comics\h_photograph\视频\艾小青","","1685","1685","0","Submit HQ.","","",""
"h_photograph/视频/顶级欧亚混血白嫩美女 Ellie Leen","HQ_ONLY","IMPORT","REGISTER","F:\games\comics\h_photograph\视频\顶级欧亚混血白嫩美女 Ellie Leen","F:\games\comics\h_photograph\视频\顶级欧亚混血白嫩美女 Ellie Leen","","2","2","0","Submit HQ.","","",""
"h_photograph/视频/极品萝莉【小耐】1V1裸聊原版无水印 [29V1P-9.04G]","HQ_ONLY","IMPORT","REGISTER","F:\games\comics\h_photograph\视频\极品萝莉【小耐】1V1裸聊原版无水印 [29V1P-9.04G]","F:\games\comics\h_photograph\视频\极品萝莉【小耐】1V1裸聊原版无水印 [29V1P-9.04G]","","30","30","0","Submit HQ.","","",""
"h_photograph/视频/片","HQ_ONLY","IMPORT","REGISTER","F:\games\comics\h_photograph\视频\片","F:\games\comics\h_photograph\视频\片","","1","1","0","Submit HQ.","","",""
"h_photograph/视频/童话女神","HQ_ONLY","IMPORT","REGISTER","F:\games\comics\h_photograph\视频\童话女神","F:\games\comics\h_photograph\视频\童话女神","","55","55","0","Submit HQ.","","",""
"h_photograph/视频/油管坐拥几十万真实粉网红博主【熙百合】私拍,裸体瑜伽、内置跳蛋测试、露点居家","HQ_ONLY","IMPORT","REGISTER","F:\games\comics\h_photograph\视频\油管坐拥几十万真实粉网红博主【熙百合】私拍,裸体瑜伽、内置跳蛋测试、露点居家","F:\games\comics\h_photograph\视频\油管坐拥几十万真实粉网红博主【熙百合】私拍,裸体瑜伽、内置跳蛋测试、露点居家","","22","22","0","Submit HQ.","","",""
"h_photograph/写真/cos","HQ_ONLY","IMPORT","REGISTER","F:\games\comics\h_photograph\写真\cos","F:\games\comics\h_photograph\写真\cos","","2712","2710","0","Submit HQ.","","",""
"h_photograph/单本/AI","LQ_ONLY","SKIP","","","","F:\games\comics\l_photograph\单本\AI","0","0","1264","LQ-only. Current backend has no MIGRATE_LQ implementation; skipped by default.","","",""
